tg_id,pack_name,created_flag,front_word,back_word,date_of_repeat,repeat_length
875771161,Phrasal verbs,True,,,0,0.0
875771161,Phrasal verbs,False,Look after,Присматривать/заботиться,2024-11-25,4.75
875771161,Phrasal verbs,False,look out for,Думать о/быть осторожным с,2024-11-25,4.75
875771161,Phrasal verbs,False,Look down on,Смотреть с высока,2024-11-25,4.75
875771161,Phrasal verbs,False,Look up,Искать что-то,2024-11-25,4.75
875771161,Phrasal verbs,False,Look forward to,ждать с нетерпением,2024-11-25,4.75
875771161,Phrasal verbs,False,worn out,изношенный,2024-11-25,4.75
875771161,Phrasal verbs,False,cut in,вмешиваться,2024-11-25,4.75
875771161,Phrasal verbs,False,shoot up,быстро расти,2024-11-25,4.75
875771161,Phrasal verbs,False,get on,ладить,2024-11-25,4.75
875771161,Phrasal verbs,False,show around,показывать местность,2024-11-25,1.0
875771161,Phrasal verbs,False,be broke,быть на мели,2024-11-25,4.75
875771161,Phrasal verbs,False,keep up with,идти в ногу с,2024-11-25,4.75
875771161,Phrasal verbs,False,give up,сдаваться,2024-11-25,4.75
875771161,Phrasal verbs,False,keep on,продолжать,2024-11-25,4.75
875771161,Phrasal verbs,False,find out,выяснить,2024-11-25,4.75
875771161,Phrasal verbs,False,bring up,воспитывать,2024-11-25,4.75
875771161,Phrasal verbs,False,make fun of,высмеивать,2024-11-25,4.75
875771161,Phrasal verbs,False,Take in,Впустить,2024-11-25,4.75
875771161,Phrasal verbs,False,Take after,быть похожим,2024-11-25,4.75
875771161,Phrasal verbs,False,Take off,взлетать/снимать,2024-11-25,4.75
875771161,Phrasal verbs,False,Take out,Вынимать,2024-11-25,4.75
875771161,Phrasal verbs,False,Take up,Приступить,2024-11-25,4.75
875771161,Phrasal verbs,False,Take over,Взять на себя/перенимать,2024-11-25,4.75
875771161,Phrasal verbs,False,catch up,догонять/наверстать,2024-11-25,4.75
875771161,Phrasal verbs,False,cut up,испортить/разрезать,2024-11-25,4.75
875771161,Phrasal verbs,False,hand out,выдавать,2024-11-25,4.75
875771161,Phrasal verbs,False,save up,копить деньги,2024-11-25,4.75
875771161,Phrasal verbs,False,splash out,разбрасывать,2024-11-25,4.75
875771161,Phrasal verbs,False,come along,сопровождать/ идти вместе,2024-11-25,4.75
875771161,Phrasal verbs,False,get over,перенести/ преодолевать,2024-11-25,4.75
875771161,Phrasal verbs,False,go off,уходить,2024-11-25,4.75
875771161,Phrasal verbs,False,make up,выдумывать,2024-11-25,4.75
875771161,Phrasal verbs,False,turn out,оказаться/ получиться,2024-11-25,1.0
875771161,Phrasal verbs,False,over and done with,полностью законченный,2024-11-25,4.75
875771161,Phrasal verbs,False,come up with,предлагать,2024-11-25,4.75
875771161,Phrasal verbs,False,Get into,попасть в,2024-11-25,4.75
875771161,Phrasal verbs,False,Pick on,придираться/ издеваться,2024-11-25,1.0
875771161,Phrasal verbs,False,Pick up,Забирать/ поднимать/ улучшать,2024-11-25,4.75
875771161,Phrasal verbs,False,Pick out,выбирать,2024-11-25,4.75
875771161,Phrasal verbs,False,Pick at,есть нехотя,2024-11-25,4.75
875771161,Phrasal verbs,False,Run away from,Убегать от,2024-11-25,4.75
875771161,Phrasal verbs,False,Run into,Встретиться/ натолкнуться,2024-11-25,4.75
875771161,Phrasal verbs,False,Run out of,закончиться,2024-11-25,4.75
875771161,Phrasal verbs,False,Run over,переехать/ задавить,2024-11-25,4.75
875771161,Phrasal verbs,False,Run on,Работать на чем-то (батарейках/...),2024-11-25,4.75
875771161,Phrasal verbs,False,Put away,Откладывать,2024-11-25,4.75
875771161,Phrasal verbs,False,Cut down on,Сокращать,2024-11-25,4.75
875771161,Phrasal verbs,False,Switch off,Выключать,2024-11-25,4.75
875771161,Phrasal verbs,False,Throw away,Выбрасывать,2024-11-25,4.75
875771161,Phrasal verbs,False,Put up with,Мириться с,2024-11-25,4.75
875771161,Phrasal verbs,False,Come together,объединиться/ собираться вместе,2024-11-25,4.75
875771161,Phrasal verbs,False,Get around,Перемещаться,2024-11-25,4.75
875771161,Phrasal verbs,False,Get by,сводить концы с концами,2024-11-25,4.75
875771161,Phrasal verbs,False,Get in,Прибывать/ попасть в,2024-11-25,4.75
875771161,Phrasal verbs,False,Get off,Уходить,2024-11-25,4.75
875771161,Phrasal verbs,False,kick off,начинать/ давать старт,2024-11-25,4.75
875771161,Module 1,True,,,0,0.0
875771161,Module 1,False,Hang out with friends ,Тусоваться с друзьями,2024-11-26,4.75
875771161,Module 1,False,Go window shopping ,Разглядывать витрины,2024-11-26,4.75
875771161,Module 1,False,Errand ,Поручение,2024-11-26,4.75
875771161,Module 1,False,Match ,Соответстветствовать/сопоставлять,2024-11-26,4.75
875771161,Module 1,False,Especially ,Особенно,2024-11-26,4.75
875771161,Module 1,False,Independent ,Независимый,2024-11-26,4.75
875771161,Module 1,False,Band ,Группа,2024-11-26,4.75
875771161,Module 1,False,Gig ,Концерт,2024-11-26,4.75
875771161,Module 1,False,Pastime ,Время препровождения,2024-11-26,4.75
875771161,Module 1,False,Bargain ,Выгодная сделка,2024-11-26,4.75
875771161,Module 1,False,At least ,По меньшей мере,2024-11-26,4.75
875771161,Module 1,False,Fortnight ,Две недели,2024-11-26,4.75
875771161,Module 1,False,Catch a film ,попасть на фильм,2024-11-26,4.75
875771161,Module 1,False,So much so ,Настолько/ что,2024-11-26,4.75
875771161,Module 1,False,Don't fancy ,Не думать,2024-11-26,4.75
875771161,Module 1,False,Apart from ,Кроме,2024-11-26,4.75
875771161,Module 1,False,Look forward to ,ждать с нетерпением,2024-11-26,4.75
875771161,Module 1,False,Grab a bite ,перекусить,2024-11-26,4.75
875771161,Module 1,False,Fascinated ,очарованный,2024-11-26,4.75
875771161,Module 1,False,Passion ,страсть,2024-11-26,4.75
875771161,Module 1,False,Keep fit ,быть в форме,2024-11-26,4.75
875771161,Module 1,False,Annoying ,Раздражающий,2024-11-26,4.75
875771161,Module 1,False,Awful ,ужасный,2024-11-26,4.75
875771161,Module 1,False,Last forever ,длиться вечно,2024-11-26,4.75
875771161,Module 1,False,What is the matter? ,В чем дело?,2024-11-26,4.75
875771161,Module 1,False,So-called ,так называемый,2024-11-26,4.75
875771161,Module 1,False,Loyal ,верный,2024-11-26,4.75
875771161,Module 1,False,Selfish ,Эгоистичный,2024-11-26,4.75
875771161,Module 1,False,Admired ,Почитаемый,2024-11-26,4.75
875771161,Module 1,False,Dedicated ,Преданный,2024-11-26,4.75
875771161,Module 1,False,Mean ,Недоброжелательный,2024-11-26,4.75
875771161,Module 1,False,Sympathetic ,сочувствующий,2024-11-26,4.75
875771161,Module 1,False,Trusting ,доверчивый,2024-11-26,4.75
875771161,Module 1,False,Moody ,капризный/неуравновешенный,2024-11-26,4.75
875771161,Module 1,False,Well-meaning ,действующий из лучших побуждений,2024-11-26,4.75
875771161,Module 1,False,Expression ,выражение,2024-11-26,4.75
875771161,Module 1,False,Lend ,Давать в долг,2024-11-26,4.75
875771161,Module 1,False,Borrow ,брать взаймы,2024-11-26,4.75
875771161,Module 1,False,A pain in the neck ,Невыносимый человек,2024-11-26,4.75
875771161,Module 1,False,Get off one's back ,отстать/оставить в покое,2024-11-26,4.75
875771161,Module 1,False,Get on one's nerves ,действовать на нервы,2024-11-26,4.75
875771161,Module 1,False,Give someone a cold shoulder ,оказывать холодный прием,2024-11-26,4.75
875771161,Module 1,False,Like a bear with a sore head ,разъяренный,2024-11-26,4.75
875771161,Module 1,False,See eye to eye ,сходиться во взглядах,2024-11-26,4.75
875771161,Module 1,False,Reflect ,Отображать,2024-11-26,4.75
875771161,Module 1,False,Polite ,Вежливый,2024-11-26,4.75
875771161,Module 1,False,fair ,справедливый,2024-11-26,4.75
875771161,Module 1,False,hurt ,ранить/обижать,2024-11-26,4.75
875771161,Module 1,False,jealous ,ревнивый,2024-11-26,4.75
875771161,Module 1,False,arrogant ,высокомерный,2024-11-26,4.75
875771161,Module 1,False,courage ,мужество,2024-11-26,4.75
875771161,Module 1,False,fiction ,выдумка,2024-11-26,4.75
875771161,Module 1,False,invitation ,приглашение,2024-11-26,4.75
875771161,Module 1,False,appearance ,внешность,2024-11-26,4.75
875771161,Module 1,False,knit ,вязать,2024-11-26,4.75
875771161,Module 1,False,plain ,простой,2024-11-26,4.75
875771161,Module 1,False,rapidly ,быстро,2024-11-26,4.75
875771161,Module 1,False,rarely ,редко,2024-11-26,4.75
875771161,Module 1,False,sight ,вид/зрелище,2024-11-26,4.75
875771161,Module 1,False,slender ,стройный/тонкий,2024-11-26,4.75
875771161,Module 1,False,smooth ,гладкий/ровный,2024-11-26,4.75
875771161,Module 1,False,stiff ,упругий,2024-11-26,4.75
875771161,Module 1,False,thin ,тонкий,2024-11-26,4.75
875771161,Module 1,False,thick ,толстый,2024-11-26,4.75
875771161,Module 1,False,twilight ,сумерки/полумрак,2024-11-26,4.75
875771161,Module 1,False,dull ,скучный,2024-11-26,4.75
875771161,Module 1,False,graduation ,окончание учебного заведения,2024-11-26,4.75
875771161,Module 1,False,facility ,сооружение,2024-11-26,4.75
875771161,Module 1,False,reply ,ответ,2024-11-26,4.75
875771161,Module 1,False,suggest ,предлагать,2024-11-26,4.75
875771161,Module 1,False,be up to something ,быть чем-то занятым,2024-11-26,4.75
875771161,Module 1,False,bother ,беспокоить,2024-11-26,4.75
875771161,Module 1,False,inspiration ,вдохновение,2024-11-26,4.75
875771161,Module 1,False,reasonably ,разумно/обоснованно,2024-11-26,4.75
875771161,Module 1,False,wet ,мокрый,2024-11-26,4.75
875771161,Module 1,False,accept ,принимать,2024-11-26,4.75
875771161,Module 1,False,apply ,применять/обращаться,2024-11-26,4.75
875771161,Module 1,False,suffer ,страдать,2024-11-26,4.75
875771161,Module 1,False,suspect ,подозревать/предполагать,2024-11-26,4.75
875771161,Module 1,False,manufacture ,производство/производить,2024-11-26,4.75
875771161,Module 1,False,brave ,смелый,2024-11-26,4.75
875771161,Module 1,False,contribution ,вклад/взнос,2024-11-26,4.75
875771161,Module 1,False,rescue ,спасение/освобождение,2024-11-26,4.75
875771161,Module 2,True,,,0,0.0
875771161,Module 2,False,Archery,стрельба из лука,2024-11-26,4.75
875771161,Module 2,False,Afford,позволить себе,2024-11-26,4.75
875771161,Module 2,False,by cheque,оплата чеком,2024-11-26,4.75
875771161,Module 2,False,make ends meet,сводить концы с концами,2024-11-26,4.75
875771161,Module 2,False,adventurous,любящий приключения,2024-11-26,4.75
875771161,Module 2,False,determined,решительный,2024-11-26,4.75
875771161,Module 2,False,cautious,осторожный/ осмотрительный,2024-11-26,4.75
875771161,Module 2,False,reserved,сдержанный/ замкнутый,2024-11-26,4.75
875771161,Module 2,False,to slide,скользить,2024-11-26,4.75
875771161,Module 2,False,play it cool,не терять самообладания,2024-11-26,4.75
875771161,Module 2,False,accommodate,размещаться,2024-11-26,4.75
875771161,Module 2,False,complete,завершить/завершенный,2024-11-26,4.75
875771161,Module 2,False,neighbourhood,окружающий район,2024-11-26,4.75
875771161,Module 2,False,work long hours,работать допоздна,2024-11-26,4.75
875771161,Module 2,False,aloud,вслух,2024-11-26,4.75
875771161,Module 2,False,bang,грохот/ треск,2024-11-26,4.75
875771161,Module 2,False,bit,немного/ кусочек/ частица,2024-11-26,4.75
875771161,Module 2,False,charm,обаяние/ привлекательность,2024-11-26,4.75
875771161,Module 2,False,convenience,удобство,2024-11-26,4.75
875771161,Module 2,False,dreadful,страшный/ ужасный,2024-11-26,4.75
875771161,Module 2,False,heap,куча,2024-11-26,4.75
875771161,Module 2,False,ordinary,обычный,2024-11-26,4.75
875771161,Module 2,False,passage,проход/ коридор,2024-11-26,4.75
875771161,Module 2,False,refurnish,переоборудовать,2024-11-26,4.75
875771161,Module 2,False,urban,городской,2024-11-26,4.75
875771161,Module 2,False,suppose,предполагать/ думать,2024-11-26,4.75
875771161,Module 2,False,apology,извинение/ оправдание,2024-11-26,4.75
875771161,Module 2,False,reminder,напоминание/ памятка,2024-11-26,4.75
875771161,Module 2,False,resemble,иметь сходство,2024-11-26,4.75
875771161,Module 3,True,,,0,0.0
875771161,Module 3,False,Attend ,посещать,2024-11-27,4.75
875771161,Module 3,False,Strict ,Строгий,2024-11-27,4.75
875771161,Module 3,False,Earn a living ,Зарабатывать на жизнь,2024-11-27,4.75
875771161,Module 3,False,Applicant ,Кандидат,2024-11-27,4.75
875771161,Module 3,False,Common sense ,здравый смысл,2024-11-27,4.75
875771161,Module 3,False,Shift work ,Посменная работа,2024-11-27,4.75
875771161,Module 3,False,Can't stand ,Не выносить,2024-11-27,4.75
875771161,Module 3,False,Follow in one's steps ,идти по чьим-то стопам,2024-11-27,4.75
875771161,Module 3,False,Jack-of-all-trades ,мастер на все руки,2024-11-27,4.75
875771161,Module 3,False,Arrangement ,договоренность,2024-11-27,4.75
875771161,Module 3,False,Building site ,Строительная площадка,2024-11-27,4.75
875771161,Module 3,False,It's no wonder ,неудивительно,2024-11-27,4.75
875771161,Module 3,False,Affection ,Любовь/ привязанность,2024-11-27,4.75
875771161,Module 3,False,Ashamed ,Которого пристыдили,2024-11-27,4.75
875771161,Module 3,False,Depart ,отправляться/ уезжать,2024-11-27,4.75
875771161,Module 3,False,Joy ,радость,2024-11-27,4.75
875771161,Module 3,False,Misty ,туманный/ неясный,2024-11-27,4.75
875771161,Module 3,False,Tie ,Галстук/ связь,2024-11-27,4.75
875771161,Module 3,False,Gain ,получать/ приобретать,2024-11-27,4.75
875771161,Module 3,False,Trustworhty ,заслуживающий доверия,2024-11-27,4.75
875771161,Module 3,False,Range ,диапазон/ ассортимент,2024-11-27,4.75
875771161,Module 3,False,Brief ,краткий,2024-11-27,4.75
875771161,Module 3,False,Condition ,условие/ состояние,2024-11-27,4.75
875771161,Module 3,False,Artificial ,искусственный,2025-07-12,0.0
875771161,Module 3,False,Increasingly ,все больше и больше,2024-11-27,4.75
875771161,Module 3,False,Do my best ,делать все возможное,2024-11-27,4.75
875771161,Module 3,False,well-mannered ,с хорошими манерами,2024-11-27,4.75
875771161,Module 4,True,,,0,0.0
875771161,Module 4,False,Eliminate,Устранять,2024-11-27,4.75
875771161,Module 4,False,Cooker,кухонная плита,2024-11-27,4.75
875771161,Module 4,False,Towel,Полотенце,2024-11-27,4.75
875771161,Module 4,False,Wrap,заворачивать/ обертывать,2024-11-27,4.75
875771161,Module 4,False,Adopt,принимать/ усыновлять,2025-07-19,8.125
875771161,Module 4,False,Conservation,сохранение,2024-11-27,4.75
875771161,Module 4,False,Decrease,уменьшение,2024-11-27,4.75
875771161,Module 4,False,Enclosure,ограда,2024-11-27,4.75
875771161,Module 4,False,In return for,В оплату за,2024-11-27,4.75
875771161,Module 4,False,Extinction,вымирание/ исчезновение,2024-11-27,4.75
875771161,Module 4,False,Marine,Морской,2024-11-27,4.75
875771161,Module 4,False,Obligatory,обязательный,2024-11-27,4.75
875771161,Module 4,False,Permission,разрешение/ позволение,2024-11-27,4.75
875771161,Module 4,False,Belt,ремень,2024-11-27,4.75
875771161,Module 4,False,branch,ветка,2024-11-27,4.75
875771161,Module 4,False,Broad,Широкий,2024-11-27,4.75
875771161,Module 4,False,Cheek,Щека,2025-07-11,0.0
875771161,Module 4,False,Vanish,исчезать,2024-11-27,4.75
875771161,Module 4,False,Aspect,сторона/ аспект,2024-11-27,4.75
875771161,Module 4,False,Ban,запрет/ запрещать,2024-11-27,4.75
875771161,Module 4,False,Excuse,оправдание,2024-11-27,4.75
875771161,Module 4,False,Route,Маршрут,2024-11-27,4.75
875771161,Module 4,False,Totally,полностью/ абсолютно,2024-11-27,4.75
875771161,Module 4,False,Contain,содержать,2024-11-27,4.75
875771161,Module 4,False,Float,Плавать,2024-11-27,4.75
875771161,Module 4,False,reverse,обратный,2024-11-27,4.75
875771161,Module 4,False,Absorb,поглощать/ впитывать,2024-11-27,4.75
875771161,Module 4,False,Suck,Всасывать,2024-11-27,4.75
875771161,Module 4,False,Divide,делить/ разделять,2024-11-27,4.75
875771161,Module 4,False,Emerge,появляться/ возникать,2024-11-27,4.75
875771161,Module 4,False,Camouflage,маскировка,2024-11-27,4.75
875771161,Appendix 1,True,,,0,0.0
875771161,Appendix 1,False,advise sb against ,советовать кому-либо не делать чего-либо,2025-02-23,8.125
875771161,Appendix 1,False,apply for ,подавать заявление,2025-02-16,1.0
875771161,Appendix 1,False,avid of ,алчный/ жадный до,2025-02-23,8.125
875771161,Appendix 1,False,be careless with ,быть небрежным с,2025-02-16,1.0
875771161,Appendix 1,False,cope with ,справляться с,2025-02-23,8.125
875771161,Appendix 1,False,enthusiastic about ,увлеченный чем-то,2025-02-23,8.125
875771161,Appendix 1,False,feel strongly about ,быть против/ испытывать чувство возмущения,2025-02-23,8.125
875771161,Appendix 1,False,fond of ,любить что-либо,2025-02-23,8.125
875771161,Appendix 1,False,in captivity ,в плену,2025-02-23,8.125
875771161,Appendix 1,False,mistake sb for ,принимать кого-либо за другого,2025-02-23,8.125
875771161,Appendix 1,False,out of order ,неисправный,2025-02-23,8.125
875771161,Appendix 1,False,recover from ,выздоравливать,2025-02-23,8.125
875771161,Appendix 1,False,resign from ,уволиться с,2025-02-16,1.0
875771161,New words,True,,,0,0.0
875771161,New words,False,Customer,Покупатель,2024-11-28,4.75
875771161,New words,False,Dispute,Спор,2024-11-28,4.75
875771161,New words,False,competition,Конкуренция,2024-11-28,4.75
875771161,New words,False,Even,Даже,2024-11-28,4.75
875771161,New words,False,preference,Предпочтение,2024-11-28,4.75
875771161,New words,False,exchange,Обмениваться,2024-11-28,4.75
875771161,New words,False,Salary,Зарплата(фикс),2024-11-28,4.75
875771161,New words,False,Wage,Зарплата(за час/...),2024-11-28,4.75
875771161,New words,False,Queue,Очередь,2024-11-25,1.0
875771161,New words,False,Except,Кроме,2024-11-28,4.75
875771161,New words,False,Plane,Плоскость,2024-11-28,4.75
875771161,New words,False,Cramped,Тесно,2024-11-28,4.75
875771161,New words,False,Consequences,Последствия,2024-11-28,4.75
875771161,New words,False,Audience,Аудитория,2024-11-28,4.75
875771161,New words,False,Suit,костюм,2024-11-28,4.75
875771161,New words,False,Holiday,Праздник,2024-11-28,4.75
875771161,New words,False,Multiplication,умножение,2024-11-28,4.75
875771161,New words,False,Afraid,Испуганный,2024-11-28,4.75
875771161,New words,False,Below,Ниже,2024-11-28,4.75
875771161,New words,False,Possibility,Возможность,2024-11-28,4.75
875771161,New words,False,Anymore,Больше,2024-11-28,4.75
875771161,New words,False,Increase,Увеличение,2024-11-28,4.75
875771161,New words,False,necessary,Необходимый,2024-11-28,4.75
875771161,New words,False,Available,Доступный,2024-11-28,4.75
875771161,New words,False,In front of,перед,2024-11-28,4.75
875771161,New words,False,Instead of,вместо,2024-11-28,4.75
875771161,New words,False,Behavior,Поступки/поведение,2024-11-28,4.75
875771161,New words,False,Contemporary,Современный,2024-11-28,4.75
875771161,New words,False,Taste,Вкус,2024-11-28,4.75
875771161,New words,False,Overcoming,Преодоление,2024-11-28,4.75
875771161,New words,False,Crime,Преступление,2024-11-28,4.75
875771161,New words,False,Cancer,рак,2024-11-28,4.75
875771161,New words,False,Already,Уже,2024-11-28,4.75
875771161,New words,False,Yet,Еще,2024-11-28,4.75
875771161,New words,False,then,Потом,2024-11-28,4.75
875771161,New words,False,than,Чем,2024-11-28,4.75
875771161,New words,False,Thus,Таким образом,2024-11-28,4.75
875771161,New words,False,Treatment,Лечение,2024-11-28,4.75
875771161,New words,False,Issue,Проблема,2024-11-28,4.75
875771161,New words,False,Unfortunately,К сожалению,2024-11-28,4.75
875771161,New words,False,Secondary,Второстепенный,2024-11-28,4.75
875771161,New words,False,Advise(advice),Советовать(совет),2024-11-28,4.75
875771161,New words,False,Whole,Целый/весь,2024-11-28,4.75
875771161,New words,False,Mention,Упоминание,2024-11-28,4.75
875771161,New words,False,Severe,Серьёзный,2024-11-28,4.75
875771161,New words,False,Postpone,Откладывать,2024-11-28,4.75
875771161,New words,False,Still,все ещё,2024-11-28,4.75
875771161,New words,False,Minor,Незначительный,2024-11-28,4.75
875771161,New words,False,Measure,Мера/степень/измерять,2024-11-28,4.75
875771161,New words,False,Responsibility,Обязанность/ответственность,2024-11-28,4.75
875771161,New words,False,Peaceful,Спокойный,2024-11-28,4.75
875771161,New words,False,Sick,Больной,2024-11-28,4.75
875771161,New words,False,Hunger strike,Голодовка,2024-11-28,4.75
875771161,New words,False,Suddenly,Вдруг/внезапно,2024-11-28,4.75
875771161,New words,False,Whenever,В любое время,2024-11-28,4.75
875771161,New words,False,Realize,Осознавать,2024-11-28,4.75
875771161,New words,False,Actually,На самом деле,2024-11-28,4.75
875771161,New words,False,Frequently,Часто,2024-11-28,4.75
875771161,New words,False,Towards,В направлении к,2024-11-28,4.75
875771161,New words,False,Obviously,Очевидно,2024-11-28,4.75
875771161,New words,False,Well in advance,Заранее,2024-11-28,4.75
875771161,New words,False,Length,Продолжительность,2024-11-28,4.75
875771161,New words,False,Decide,Принять решение,2024-11-28,4.75
875771161,New words,False,Non-refundable,Невозвратный,2024-11-28,4.75
875771161,New words,False,Destination,Место назначения,2024-11-28,4.75
875771161,New words,False,Requirements,Требования,2024-11-28,4.75
875771161,New words,False,Departure,Отправление,2024-11-28,4.75
875771161,New words,False,Domestic,Домашний,2024-11-28,4.75
875771161,New words,False,Stopover,Пересадка,2024-11-28,4.75
875771161,New words,False,Scale,Шкала,2024-11-28,4.75
875771161,New words,False,Allowance,Разрешение/допуск,2024-11-28,4.75
875771161,New words,False,Hurry up,Торопиться,2024-11-28,4.75
875771161,New words,False,Carry-on,Ручная кладь,2024-11-28,4.75
875771161,New words,False,Dine in,Есть внутри,2024-11-28,4.75
875771161,New words,False,Sour cream,Сметана,2024-11-28,4.75
875771161,New words,False,Herbs,Травы/зелень,2024-11-28,4.75
875771161,New words,False,Mustard,Горчица,2024-11-28,4.75
875771161,New words,False,Oatmeal,Овсяная каша,2024-11-28,4.75
875771161,New words,False,Beef,Говядина,2024-11-28,4.75
875771161,New words,False,Seek,Искать/стремиться,2024-11-28,4.75
875771161,New words,False,Performance,Выступление,2024-11-28,4.75
875771161,New words,False,Rest,Отдых,2024-11-28,4.75
875771161,New words,False,Foreign,Иностранный,2024-11-28,4.75
875771161,New words,False,Recently,Недавно,2024-11-28,4.75
875771161,New words,False,Push,Нажимать,2024-11-28,4.75
875771161,New words,False,Options,Варианты,2024-11-28,4.75
875771161,New words,False,Note,Записывать,2024-11-28,4.75
875771161,New words,False,Before,Раньше,2024-11-28,4.75
875771161,New words,False,Significant,Важный,2024-11-28,4.75
875771161,New words,False,Common,Общепринятый/обычный,2024-11-28,4.75
875771161,New words,False,Rise,Рост,2024-11-28,4.75
875771161,New words,False,Response,Ответ/реакция,2024-11-28,4.75
875771161,New words,False,Cutting-edge,Передовая(технология),2024-11-28,4.75
875771161,New words,False,Exactly,Точно/в точку,2024-11-28,4.75
875771161,New words,False,Approach,Подход,2024-11-28,4.75
875771161,New words,False,Fund,Фонд/денежные средства,2024-11-28,4.75
875771161,New words,False,To occur,Происходить/иметь место,2024-11-28,4.75
875771161,New words,False,Above,Выше,2024-11-28,4.75
875771161,New words,False,Earn,Зарабатывать,2024-11-28,4.75
875771161,New words,False,Terrible,Страшный/ужасный,2024-11-28,4.75
875771161,New words,False,Satisfy ,Удовлетворить,2024-11-28,4.75
875771161,New words,False,Thirsty ,Испытывающий жажду,2024-11-28,4.75
875771161,New words,False,Several ,Несколько,2024-11-28,4.75
875771161,New words,False,Treasure ,сокровище,2024-11-28,4.75
875771161,New words,False,Glad ,Радостный,2024-11-28,4.75
875771161,New words,False,Shell ,Оболочка/раковина,2024-11-28,4.75
875771161,New words,False,Excited ,Взволнованный/возбужденный,2024-11-28,4.75
875771161,New words,False,Certainly ,Конечно/ безусловно,2024-11-28,4.75
875771161,New words,False,Tricky ,Сложный/хитрый,2024-11-28,4.75
875771161,New words,False,Either ,Или/либо/тоже,2024-11-28,4.75
875771161,New words,False,Pull ,Тянуть/вытащить,2024-11-28,4.75
875771161,New words,False,Blind ,слепой,2024-11-28,4.75
875771161,New words,False,Poison ,яд,2024-11-28,4.75
875771161,New words,False,Disappear ,исчезать,2024-11-28,4.75
875771161,New words,False,Catch ,ловить/ поймать,2024-11-28,4.75
875771161,New words,False,Trick ,Трюк/хитрость,2024-11-28,4.75
875771161,New words,False,Naive ,наивный,2024-11-28,4.75
875771161,New words,False,native ,родной/местный,2024-11-28,4.75
875771161,New words,False,Gently ,Мягко/аккуратно,2024-11-28,4.75
875771161,New words,False,Mystery ,Тайна,2024-11-28,4.75
875771161,New words,False,Election ,Выборы,2024-11-28,4.75
875771161,New words,False,Hole ,Отверстие/дыра,2024-11-28,4.75
875771161,New words,False,Through ,Через,2024-11-28,4.75
875771161,New words,False,Shut ,Закрыть/запереть,2024-11-28,4.75
875771161,New words,False,Set ,Набор/комплект,2024-11-28,4.75
875771161,New words,False,Guess ,Угадать,2024-11-28,4.75
875771161,New words,False,Rather ,скорее/довольно,2024-11-28,4.75
875771161,New words,False,Executive ,руководитель,2024-11-28,4.75
875771161,New words,False,Slippers ,Тапочки,2024-11-28,4.75
875771161,New words,False,According to ,В соответствии с,2024-11-28,4.75
875771161,New words,False,Promise ,Обещать,2024-11-28,4.75
875771161,New words,False,Farther(расстояние) / further(абстрактное) ,Дальше,2024-11-28,4.75
875771161,New words,False,Fear ,Страх,2024-11-28,4.75
875771161,New words,False,Silent ,Молчаливый,2024-11-28,4.75
875771161,New words,False,Invention ,Изобретение,2024-11-28,4.75
875771161,New words,False,Regret ,Сожалеть,2024-11-28,4.75
875771161,New words,False,Horrible ,Ужасный,2024-11-28,4.75
875771161,New words,False,Complain ,Жаловаться,2024-11-28,4.75
875771161,New words,False,Behind ,Позади,2024-11-28,4.75
875771161,New words,False,Confuse ,Путать,2024-11-28,4.75
875771161,New words,False,Upset ,Расстраивать,2024-11-28,4.75
875771161,New words,False,Weak ,Слабый,2024-11-28,4.75
875771161,New words,False,Worry ,Беспокоится,2024-11-28,4.75
875771161,New words,False,Bush ,куст,2024-11-28,4.75
875771161,New words,False,Similar ,Похожий,2024-11-28,4.75
875771161,New words,False,Root ,Корень,2024-11-28,4.75
875771161,New words,False,Let ,Позволить,2024-11-28,4.75
875771161,New words,False,Assistance ,Помощь,2024-11-28,4.75
875771161,New words,False,Explain ,Описывать/объяснять,2024-11-28,4.75
875771161,New words,False,Fault ,вина,2024-11-28,4.75
875771161,New words,False,Forgive ,Простить,2024-11-25,1.0
875771161,New words,False,Blame ,Обвинять,2024-11-28,4.75
875771161,New words,False,Exist ,Существовать,2024-11-28,4.75
875771161,New words,False,Offer ,Предложение,2024-11-28,4.75
875771161,New words,False,Rope ,Верёвка,2024-11-28,4.75
875771161,New words,False,Pocket ,Карман,2024-11-28,4.75
875771161,New words,False,Proud ,Гордый,2024-11-28,4.75
875771161,New words,False,ill ,Больной,2024-11-28,4.75
875771161,New words,False,Sailor ,Моряк,2024-11-28,4.75
875771161,New words,False,Explanation ,объяснение,2024-11-28,4.75
875771161,New words,False,Scare ,Пугать,2024-11-28,4.75
875771161,New words,False,Wonder ,Удивляться,2024-11-28,4.75
875771161,New words,False,Chain ,Цепь/сеть,2024-11-28,4.75
875771161,New words,False,Appear ,Появляться,2024-11-28,4.75
875771161,New words,False,Predict ,Предсказывать,2024-11-28,4.75
875771161,New words,False,Attach ,Прикреплять,2024-11-28,4.75
875771161,New words,False,Amount ,Сумма/количество,2024-11-28,4.75
875771161,New words,False,Abillity ,Способность/возможность,2024-11-28,4.75
875771161,New words,False,Particularly ,Особенно/в частности,2024-11-28,4.75
875771161,New words,False,Recognize ,Распознавать,2024-11-28,4.75
875771161,New words,False,Indicate ,Указывать/служить признаком,2024-11-28,4.75
875771161,New words,False,Impact ,Влияние,2024-11-28,4.75
875771161,New words,False,Disappointed ,Расстроенный,2024-11-28,4.75
875771161,New words,False,Perhaps ,Возможно/пожалуй,2024-11-28,4.75
875771161,New words,False,Argue ,Спорить,2024-11-28,4.75
875771161,New words,False,Disease ,Болезнь,2024-11-28,4.75
875771161,New words,False,Determine ,Определить,2024-11-28,4.75
875771161,New words,False,Seem ,Казаться,2024-11-28,4.75
875771161,New words,False,Stock ,Запас,2024-11-28,4.75
875771161,New words,False,Quite ,Достаточно/вполне,2024-11-28,4.75
875771161,New words,False,Outfit ,наряд,2024-11-28,4.75
875771161,New words,False,Within ,Внутри,2024-11-28,4.75
875771161,New words,False,Beyond ,Вне/за пределами,2024-11-28,4.75
875771161,New words,False,Furthermore ,К тому же,2024-11-25,1.0
875771161,New words,False,Although ,Хотя,2024-11-28,4.75
875771161,New words,False,Definitely ,Определённо,2024-11-28,4.75
875771161,New words,False,Basically ,В основном,2024-11-28,4.75
875771161,New words,False,Appropriate ,Соответствующий,2024-11-28,4.75
875771161,New words,False,Valuable ,Ценный,2024-11-28,4.75
875771161,New words,False,Reliable ,Надёжный,2024-11-28,4.75
875771161,New words,False,Involve ,Вовлекать,2024-11-28,4.75
875771161,New words,False,Improve ,Улучшать,2024-11-28,4.75
875771161,New words,False,Encourage ,Поддержать,2024-11-28,4.75
875771161,New words,False,Develop ,Развивать,2024-11-28,4.75
875771161,New words,False,Consider ,Рассматривать/учитывать,2024-11-28,4.75
875771161,New words,False,Journey ,Путешествие,2024-11-28,4.75
875771161,New words,False,Effort ,Усилие,2024-11-28,4.75
875771161,New words,False,Conversation ,Разговор,2024-11-28,4.75
875771161,New words,False,Freedom ,свобода/независимость,2024-11-28,4.75
875771161,New words,False,Doubt ,сомнение,2024-11-28,4.75
875771161,New words,False,Pleasure ,удовольствие,2024-11-28,4.75
875771161,New words,False,Inspiration ,Вдохновение,2024-11-28,4.75
875771161,New words,False,Gloves ,Перчатки,2024-11-28,4.75
875771161,New words,False,Tip ,Совет,2024-11-28,4.75
875771161,New words,False,Plenty ,Множество,2024-11-28,4.75
875771161,New words,False,Whatever ,Что угодно,2024-11-28,4.75
875771161,New words,False,Almost ,Почти,2024-11-28,4.75
875771161,New words,False,Keen on ,Увлекаться,2024-11-28,4.75
875771161,New words,False,Fair ,справедливый,2024-11-28,4.75
875771161,New words,False,Therefore ,поэтому/следовательно,2024-11-28,4.75
875771161,New words,False,Voyage ,путешествие,2024-11-28,4.75
875771161,New words,False,Submit ,представлять на рассмотрение,2024-11-28,4.75
875771161,New words,False,Maintain ,поддерживать/сохранять,2024-11-28,4.75
875771161,New words,False,lack ,недостаток/отсутствие,2024-11-28,4.75
875771161,New words,False,essentially ,по сути,2024-11-28,4.75
875771161,New words,False,Notice ,уведомление/внимание/отмечать,2024-11-28,4.75
875771161,New words,False,plug ,вилка (электрическая),2024-11-28,4.75
875771161,New words,False,Prevent ,предотвращать,2024-11-28,4.75
875771161,New words,False,Immediately ,Немедленно,2024-11-28,4.75
875771161,New words,False,Virtually ,фактически,2024-11-28,4.75
875771161,New words,False,Entire ,весь/целый,2024-11-28,4.75
875771161,New words,False,Directly ,Непосредственно/прямо,2024-11-28,4.75
875771161,New words,False,Respond ,откликнуться,2024-11-28,4.75
875771161,New words,False,Property ,собственность,2024-11-28,4.75
875771161,New words,False,Though ,хотя,2024-11-28,4.75
875771161,New words,False,Spread ,распространение,2024-11-28,4.75
875771161,New words,False,rate ,ставка/темп,2024-11-25,1.0
875771161,New words,False,Approve ,одобрить,2024-11-28,4.75
875771161,New words,False,Bill ,закон/счет,2024-11-28,4.75
875771161,New words,False,Ridiculous ,нелепый,2024-11-28,4.75
875771161,New words,False,Decision ,Решение,2024-11-28,4.75
875771161,New words,False,exhausted ,измученный,2024-11-28,4.75
875771161,New words,False,Peace ,мир,2024-11-28,4.75
875771161,New words,False,Expect ,ожидать/надеяться,2024-11-28,4.75
875771161,New words,False,Perform ,выполнять,2024-11-28,4.75
875771161,New words,False,Particular ,Особый,2024-11-28,4.75
875771161,New words,False,Admit ,признавать,2024-11-28,4.75
875771161,New words,False,along ,вдоль/параллельно,2024-11-28,4.75
875771161,New words,False,Awesome ,потрясающий/впечатляющий,2024-11-28,4.75
875771161,New words,False,Multiple ,многократный,2024-11-28,4.75
875771161,New words,False,recovery ,восстановление,2024-11-28,4.75
875771161,New words,False,Related ,связанный,2024-11-28,4.75
875771161,New words,False,Moreover ,Более того,2024-11-28,4.75
875771161,New words,False,unit ,Единица измерения,2024-11-28,4.75
875771161,New words,False,Edge ,край/грань,2024-11-28,4.75
875771161,New words,False,Receive ,Получать,2024-11-28,4.75
875771161,New words,False,Attempt ,попытка/пытаться,2024-11-28,4.75
875771161,New words,False,Refuse ,отказываться,2024-11-28,4.75
875771161,New words,False,Remain ,оставаться,2024-11-28,4.75
875771161,New words,False,Occup ,занимать,2024-11-28,4.75
875771161,New words,False,Brush ,щетка,2024-11-28,4.75
875771161,New words,False,Finally ,окончательно/наконец,2024-11-28,4.75
875771161,New words,False,Claim ,требование/требовать,2024-11-28,4.75
875771161,New words,False,Establish ,установить,2024-11-28,4.75
875771161,New words,False,mostly ,в основном,2024-11-28,4.75
875771161,New words,False,Despite ,несмотря на,2024-11-28,4.75
875771161,New words,False,Unique ,уникальный,2024-11-28,4.75
875771161,New words,False,Coast ,побережье,2024-11-28,4.75
875771161,New words,False,Regard ,внимание/ уважение,2024-11-28,4.75
875771161,New words,False,Till ,до/пока,2024-11-28,4.75
875771161,New words,False,Literally ,буквально,2024-11-28,4.75
875771161,New words,False,Belong ,принадлежать,2024-11-28,4.75
875771161,New words,False,Corner ,угол,2024-11-28,4.75
875771161,New words,False,Judge ,судья/судить,2024-11-28,4.75
875771161,New words,False,Solid ,твердый/прочный,2024-11-28,4.75
875771161,New words,False,Due ,соответствующий,2024-11-28,4.75
875771161,New words,False,Distribution ,распределение/распространение,2024-11-28,4.75
875771161,New words,False,Disaster ,катастрофа,2024-11-28,4.75
875771161,New words,False,Forecast ,прогноз,2024-11-28,4.75
875771161,New words,False,Purpose ,цель,2024-11-28,4.75
875771161,New words,False,Surface ,поверхность,2024-11-28,4.75
875771161,New words,False,Hint ,намек/подсказка,2024-11-25,1.0
875771161,New words,False,Duty ,обязанность,2024-11-28,4.75
875771161,New words,False,Anxiety ,беспокойство/тревога,2024-11-25,1.0
875771161,New words,False,Sense ,чувство,2024-11-28,4.75
875771161,New words,False,Capacity ,вместимость/способность,2024-11-28,4.75
875771161,New words,False,Exhaust ,истощать,2024-11-28,4.75
875771161,New words,False,harmful ,вредный/пагубный,2024-11-28,4.75
875771161,New words,False,impression ,впечатление,2024-11-28,4.75
875771161,New words,False,threat ,опасность/угроза,2024-11-28,4.75
875771161,New words,False,against ,против,2024-11-28,4.75
875771161,New words,False,Apologize ,приносить извинения,2024-11-28,4.75
875771161,New words,False,Dust ,пыль,2024-11-28,4.75
875771161,New words,False,Anniversary ,Годовщина,2024-11-28,4.75
875771161,New words,False,canteen ,столовая,2024-11-28,4.75
875771161,New words,False,Ahead ,впереди,2024-11-28,4.75
875771161,New words,False,Couch ,диван,2024-11-28,4.75
875771161,New words,False,coach ,тренер,2024-11-28,4.75
875771161,New words,False,Item ,предмет/элемент,2024-11-28,4.75
875771161,New words,False,Fewer ,меньше,2024-11-28,4.75
875771161,New words,False,Yard ,Двор,2024-11-28,4.75
875771161,New words,False,Sample ,образец/шаблон,2024-11-28,4.75
875771161,New words,False,Due to ,из-за/благодаря,2024-11-28,4.75
875771161,New words,False,Plagued ,измученный,2024-11-28,4.75
875771161,New words,False,Template ,шаблон/образец,2024-11-28,4.75
875771161,New words,False,Honor ,честь,2024-11-28,4.75
875771161,New words,False,Besides ,кроме того,2024-11-28,4.75
875771161,New words,False,Spot ,пятно/место/заметить,2024-11-28,4.75
875771161,New words,False,nonetheless ,тем не менее,2024-11-28,4.75
875771161,New words,False,Terms ,условия,2024-11-28,4.75
875771161,New words,False,Eventually,в конце концов,2024-11-28,4.75
875771161,New words,False,Participant,участник,2024-11-28,4.75
875771161,New words,False,Awkward,неуклюжий/неловкий,2024-11-28,4.75
875771161,New words,False,Access,доступ,2024-11-28,4.75
875771161,New words,False,Annual,ежегодный/годовой,2024-11-28,4.75
875771161,New words,False,Stare,глазеть/пялиться,2024-11-28,4.75
875771161,New words,False,Recall,отзыв/воспоминание,2024-11-28,4.75
875771161,New words,False,No longer,больше нет,2024-11-28,4.75
875771161,New words,False,Currently,в настоящее момент,2024-11-28,4.75
875771161,New words,False,Toggle,переключатель,2024-11-28,4.75
875771161,New words,False,Confirm,подтверждать,2024-11-28,4.75
875771161,New words,False,Accessible,доступный,2024-11-28,4.75
875771161,New words,False,Convenient,удобный/подходящий,2024-11-28,4.75
875771161,New words,False,Curious,любопытный,2024-11-28,4.75
875771161,New words,False,Upper,верхний,2024-11-28,4.75
875771161,New words,False,Schedule,расписание/график,2024-11-28,4.75
875771161,New words,False,turn,черед,2024-11-28,4.75
875771161,New words,False,Controversial,спорный/ сомнительный,2024-11-28,4.75
875771161,New words,False,Assignment,назначение/ задание,2024-11-28,4.75
875771161,New words,False,Expand,Расширять,2024-11-28,4.75
875771161,New words,False,So far,пока/ до сих пор,2024-11-28,4.75
875771161,New words,False,Hardware,оборудование,2024-11-28,4.75
875771161,New words,False,Via,через/ с помощью,2024-11-28,4.75
875771161,New words,False,Afterward,впоследствии/ позже,2024-11-28,4.75
875771161,New words,False,Bunch,связка,2024-11-28,4.75
875771161,New words,False,Shame,Стыд,2024-11-28,4.75
875771161,New words,False,Yell,кричать,2024-11-28,4.75
875771161,New words,False,Certain,определенный,2024-11-28,4.75
875771161,New words,False,Amid,среди,2024-11-28,4.75
875771161,New words,False,Punish,наказывать,2024-11-28,4.75
875771161,New words,False,Justify,оправдывать/ обосновывать,2024-11-28,4.75
875771161,New words,False,Familiar,Знакомый,2024-11-28,4.75
875771161,New words,False,Preserve,сохранять,2024-11-28,4.75
875771161,New words,False,Truly,поистине/действительно,2024-11-28,4.75
875771161,New words,False,Carry,нести/ перевозить,2024-11-28,4.75
875771161,New words,False,Stick,придерживаться/ прилипать,2024-11-28,4.75
875771161,New words,False,Meant,Подразумеваемый,2024-11-28,4.75
875771161,New words,False,Pretend,притворяться,2024-11-28,4.75
875771161,New words,False,As instance,Как пример,2024-11-28,4.75
875771161,New words,False,Otherwise,в противном случае/ иначе,2024-11-28,4.75
875771161,New words,False,No matter,не имеет значения,2024-11-28,4.75
875771161,New words,False,Survey,опрос,2024-11-28,4.75
875771161,New words,False,Handle,справляться,2024-11-28,4.75
875771161,New words,False,Warn,Предупреждать,2024-11-28,4.75
875771161,New words,False,Emerged,возникший,2024-11-28,4.75
875771161,New words,False,Set up,устраивать/ организовывать,2024-11-28,4.75
875771161,New words,False,Back then,тогда/ в то время,2024-11-28,4.75
875771161,New words,False,By far,безусловно/ намного,2024-11-28,4.75
875771161,New words,False,Worthy,достойный,2024-11-28,4.75
875771161,New words,False,Likely,вероятно,2024-11-28,4.75
875771161,New words,False,Aimed,Нацеленный,2024-11-28,4.75
875771161,New words,False,Will,Воля,2024-11-28,4.75
875771161,New words,False,District,район/ округ,2024-11-28,4.75
875771161,New words,False,Share,доля/ делиться,2024-11-28,4.75
875771161,New words,False,Apparently,очевидно/ по-видимому,2024-11-28,4.75
875771161,New words,False,Lately,в последнее время/ недавно,2024-11-28,4.75
875771161,New words,False,Assure,уверять/ убеждать,2024-11-28,4.75
875771161,New words,False,Figure,полагать,2024-11-28,4.75
875771161,New words,False,Soft,мягкий,2024-11-28,4.75
875771161,New words,False,Wrap,заворачивать/ завертывать,2024-11-28,4.75
875771161,New words,False,Faith,вера/ доверие,2024-11-28,4.75
875771161,New words,False,Improvement,улучшение,2024-11-28,4.75
875771161,New words,False,Fired,увольнять,2024-11-28,4.75
875771161,New words,False,Hired,нанимать,2024-11-28,4.75
875771161,New words,False,Internal,внутренний,2024-11-28,4.75
875771161,New words,False,Groceries,продукты,2024-11-28,4.75
875771161,New words,False,Promote,продвигать/ способствовать,2024-11-28,4.75
875771161,New words,False,Pretend,притворяться,2024-11-28,4.75
875771161,New words,False,Steal,воровать,2024-11-28,4.75
875771161,New words,False,Remote,отдаленный,2024-11-28,4.75
875771161,New words,False,Favor,одолжение,2024-11-28,4.75
875771161,New words,False,Freak out,беситься/ сходить с ума,2024-11-28,4.75
875771161,New words,False,Even still,даже сейчас,2024-11-28,4.75
875771161,New words,False,Neither,ни,2024-11-28,4.75
875771161,New words,False,Terrified,напуганный,2024-11-28,4.75
875771161,New words,False,to dump,бросить,2024-11-28,4.75
875771161,New words,False,Yummy,вкусный,2024-11-28,4.75
875771161,New words,False,Punishment,наказание,2024-11-28,4.75
875771161,New words,False,Fate,судьба,2024-11-28,4.75
875771161,New words,False,Permanently,постоянно,2024-11-28,4.75
